{
  "cwpm": 783.78,
  "words": [
    {
      "Word": "this",
      "Align": "this",
      "error": "right",
      "start": 0.0,
      "end": 0.3
    },
    {
      "Word": "weekend",
      "Align": "weakened",
      "error": "incorrect",
      "start": 0.3,
      "end": 0.7
    },
    {
      "Word": "i",
      "Align": "i",
      "error": "right",
      "start": 0.7,
      "end": 0.8
    },
    {
      "Word": "went",
      "Align": "went",
      "error": "right",
      "start": 0.8,
      "end": 1.1
    },
    {
      "Word": "to",
      "Align": "to",
      "error": "right",
      "start": 1.1,
      "end": 1.2
    },
    {
      "Word": "the",
      "Align": "the",
      "error": "right",
      "start": 1.2,
      "end": 1.4
    },
    {
      "Word": "zoo",
      "Align": "zoo",
      "error": "right",
      "start": 1.4,
      "end": 1.6
    },
    {
      "Word": "it",
      "Align": "it",
      "error": "right",
      "start": 1.6,
      "end": 1.8
    },
    {
      "Word": "was",
      "Align": "was",
      "error": "right",
      "start": 1.8,
      "end": 2.0
    },
    {
      "Word": "awesome",
      "Align": "awsome",
      "error": "incorrect",
      "start": 2.0,
      "end": 2.5
    },
    {
      "Word": "i",
      "Align": "i",
      "error": "right",
      "start": 2.5,
      "end": 2.6
    },
    {
      "Word": "went",
      "Align": "went",
      "error": "right",
      "start": 2.6,
      "end": 2.9
    },
    {
      "Word": "with",
      "Align": "with",
      "error": "right",
      "start": 2.9,
      "end": 3.1
    },
    {
      "Word": "my",
      "Align": "my",
      "error": "right",
      "start": 3.1,
      "end": 3.3
    },
    {
      "Word": "mom",
      "Align": "mob",
      "error": "incorrect",
      "start": 3.3,
      "end": 3.6
    },
    {
      "Word": "my",
      "Align": "my",
      "error": "right",
      "start": 3.6,
      "end": 3.8
    },
    {
      "Word": "sister",
      "Align": "sister",
      "error": "right",
      "start": 3.8,
      "end": 4.2
    },
    {
      "Word": "came",
      "Align": "came",
      "error": "right",
      "start": 4.2,
      "end": 4.5
    },
    {
      "Word": "too",
      "Align": "and",
      "error": "incorrect",
      "start": 4.5,
      "end": 4.7
    },
    {
      "Word": "the",
      "Align": "the",
      "error": "right",
      "start": 4.7,
      "end": 4.9
    },
    {
      "Word": "zoo",
      "Align": "zoo",
      "error": "right",
      "start": 4.9,
      "end": 5.1
    },
    {
      "Word": "was",
      "Align": "was",
      "error": "right",
      "start": 5.1,
      "end": 5.3
    },
    {
      "Word": "in",
      "Align": "in",
      "error": "right",
      "start": 5.3,
      "end": 5.4
    },
    {
      "Word": "the",
      "Align": "the",
      "error": "right",
      "start": 5.4,
      "end": 5.6
    },
    {
      "Word": "city",
      "Align": "city",
      "error": "right",
      "start": 5.6,
      "end": 5.9
    },
    {
      "Word": "it",
      "Align": "they",
      "error": "incorrect",
      "start": 5.9,
      "end": 6.1
    },
    {
      "Word": "took",
      "Align": "took",
      "error": "right",
      "start": 6.1,
      "end": 6.4
    },
    {
      "Word": "a",
      "Align": "a",
      "error": "right",
      "start": 6.4,
      "end": 6.5
    },
    {
      "Word": "long",
      "Align": "long",
      "error": "right",
      "start": 6.5,
      "end": 6.8
    },
    {
      "Word": "time",
      "Align": "time",
      "error": "right",
      "start": 6.8,
      "end": 7.1
    },
    {
      "Word": "to",
      "Align": "to",
      "error": "right",
      "start": 7.1,
      "end": 7.2
    },
    {
      "Word": "get",
      "Align": "get",
      "error": "right",
      "start": 7.2,
      "end": 7.4
    },
    {
      "Word": "there",
      "Align": "there",
      "error": "right",
      "start": 7.4,
      "end": 7.7
    },
    {
      "Word": "my",
      "Align": "my",
      "error": "right",
      "start": 7.7,
      "end": 7.9
    },
    {
      "Word": "sister",
      "Align": "sister",
      "error": "right",
      "start": 7.9,
      "end": 8.3
    },
    {
      "Word": "and",
      "Align": "and",
      "error": "right",
      "start": 8.3,
      "end": 8.5
    },
    {
      "Word": "i",
      "Align": "i",
      "error": "right",
      "start": 8.5,
      "end": 8.6
    },
    {
      "Word": "complained",
      "Align": "complained",
      "error": "right",
      "start": 8.6,
      "end": 9.2
    },
    {
      "Word": "a",
      "Align": "",
      "error": "missed",
      "start": 9.2,
      "end": 9.3
    },
    {
      "Word": "lot",
      "Align": "alo",
      "error": "incorrect",
      "start": 9.3,
      "end": 9.6
    },
    {
      "Word": "my",
      "Align": "my",
      "error": "right",
      "start": 9.6,
      "end": 9.8
    },
    {
      "Word": "mom",
      "Align": "mam",
      "error": "incorrect",
      "start": 9.8,
      "end": 10.1
    },
    {
      "Word": "said",
      "Align": "said",
      "error": "right",
      "start": 10.1,
      "end": 10.4
    },
    {
      "Word": "we",
      "Align": "we",
      "error": "right",
      "start": 10.4,
      "end": 10.5
    },
    {
      "Word": "sounded",
      "Align": "sounded",
      "error": "right",
      "start": 10.5,
      "end": 11.0
    },
    {
      "Word": "like",
      "Align": "like",
      "error": "right",
      "start": 11.0,
      "end": 11.2
    },
    {
      "Word": "broken",
      "Align": "broken",
      "error": "right",
      "start": 11.2,
      "end": 11.6
    },
    {
      "Word": "records",
      "Align": "records",
      "error": "right",
      "start": 11.6,
      "end": 12.1
    },
    {
      "Word": "when",
      "Align": "when",
      "error": "right",
      "start": 12.1,
      "end": 12.4
    },
    {
      "Word": "we",
      "Align": "we",
      "error": "right",
      "start": 12.4,
      "end": 12.5
    },
    {
      "Word": "got",
      "Align": "got",
      "error": "right",
      "start": 12.5,
      "end": 12.7
    },
    {
      "Word": "there",
      "Align": "there",
      "error": "right",
      "start": 12.7,
      "end": 13.0
    },
    {
      "Word": "i",
      "Align": "i",
      "error": "right",
      "start": 13.0,
      "end": 13.1
    },
    {
      "Word": "was",
      "Align": "was",
      "error": "right",
      "start": 13.1,
      "end": 13.3
    },
    {
      "Word": "excited",
      "Align": "exsiided",
      "error": "incorrect",
      "start": 13.3,
      "end": 13.8
    },
    {
      "Word": "i",
      "Align": "i",
      "error": "right",
      "start": 13.8,
      "end": 13.9
    },
    {
      "Word": "wanted",
      "Align": "wanted",
      "error": "right",
      "start": 13.9,
      "end": 14.3
    },
    {
      "Word": "to",
      "Align": "to",
      "error": "right",
      "start": 14.3,
      "end": 14.4
    },
    {
      "Word": "see",
      "Align": "see",
      "error": "right",
      "start": 14.4,
      "end": 14.6
    },
    {
      "Word": "the",
      "Align": "the",
      "error": "right",
      "start": 14.6,
      "end": 14.8
    },
    {
      "Word": "seals",
      "Align": "seals",
      "error": "right",
      "start": 14.8,
      "end": 15.2
    },
    {
      "Word": "first",
      "Align": "first",
      "error": "right",
      "start": 15.2,
      "end": 15.6
    },
    {
      "Word": "i",
      "Align": "i",
      "error": "right",
      "start": 15.6,
      "end": 15.7
    },
    {
      "Word": "love",
      "Align": "loved",
      "error": "incorrect",
      "start": 15.7,
      "end": 16.0
    },
    {
      "Word": "the",
      "Align": "the",
      "error": "right",
      "start": 16.0,
      "end": 16.2
    },
    {
      "Word": "seals",
      "Align": "ceal",
      "error": "incorrect",
      "start": 16.2,
      "end": 16.6
    },
    {
      "Word": "they",
      "Align": "they",
      "error": "right",
      "start": 16.6,
      "end": 16.9
    },
    {
      "Word": "put",
      "Align": "put",
      "error": "right",
      "start": 16.9,
      "end": 17.1
    },
    {
      "Word": "on",
      "Align": "on",
      "error": "right",
      "start": 17.1,
      "end": 17.2
    },
    {
      "Word": "a",
      "Align": "",
      "error": "missed",
      "start": 17.2,
      "end": 17.3
    },
    {
      "Word": "show",
      "Align": "jo",
      "error": "incorrect",
      "start": 17.3,
      "end": 17.6
    },
    {
      "Word": "they",
      "Align": "they",
      "error": "right",
      "start": 17.6,
      "end": 17.9
    },
    {
      "Word": "could",
      "Align": "could",
      "error": "right",
      "start": 17.9,
      "end": 18.2
    },
    {
      "Word": "balance",
      "Align": "baland",
      "error": "incorrect",
      "start": 18.2,
      "end": 18.7
    },
    {
      "Word": "balls",
      "Align": "balls",
      "error": "right",
      "start": 18.7,
      "end": 19.0
    },
    {
      "Word": "on",
      "Align": "on",
      "error": "right",
      "start": 19.0,
      "end": 19.1
    },
    {
      "Word": "their",
      "Align": "their",
      "error": "right",
      "start": 19.1,
      "end": 19.4
    },
    {
      "Word": "noses",
      "Align": "noses",
      "error": "right",
      "start": 19.4,
      "end": 19.8
    },
    {
      "Word": "i",
      "Align": "i",
      "error": "right",
      "start": 19.8,
      "end": 19.9
    },
    {
      "Word": "clapped",
      "Align": "clapped",
      "error": "right",
      "start": 19.9,
      "end": 20.4
    },
    {
      "Word": "so",
      "Align": "so",
      "error": "right",
      "start": 20.4,
      "end": 20.5
    },
    {
      "Word": "hard",
      "Align": "hard",
      "error": "right",
      "start": 20.5,
      "end": 20.8
    },
    {
      "Word": "my",
      "Align": "my",
      "error": "right",
      "start": 20.8,
      "end": 21.0
    },
    {
      "Word": "hands",
      "Align": "hand",
      "error": "incorrect",
      "start": 21.0,
      "end": 21.4
    },
    {
      "Word": "turned",
      "Align": "burned",
      "error": "incorrect",
      "start": 21.4,
      "end": 21.8
    },
    {
      "Word": "red",
      "Align": "red",
      "error": "right",
      "start": 21.8,
      "end": 22.0
    },
    {
      "Word": "they",
      "Align": "they",
      "error": "right",
      "start": 22.0,
      "end": 22.3
    },
    {
      "Word": "looked",
      "Align": "look",
      "error": "incorrect",
      "start": 22.3,
      "end": 22.7
    },
    {
      "Word": "like",
      "Align": "like",
      "error": "right",
      "start": 22.7,
      "end": 22.9
    },
    {
      "Word": "they",
      "Align": "they",
      "error": "right",
      "start": 22.9,
      "end": 23.2
    },
    {
      "Word": "had",
      "Align": "had",
      "error": "right",
      "start": 23.2,
      "end": 23.4
    },
    {
      "Word": "a",
      "Align": "on",
      "error": "incorrect",
      "start": 23.4,
      "end": 23.5
    },
    {
      "Word": "sunburn",
      "Align": "burn",
      "error": "incorrect",
      "start": 23.5,
      "end": 24.0
    },
    {
      "Word": "next",
      "Align": "next",
      "error": "right",
      "start": 24.0,
      "end": 24.3
    },
    {
      "Word": "we",
      "Align": "we",
      "error": "right",
      "start": 24.3,
      "end": 24.4
    },
    {
      "Word": "went",
      "Align": "went",
      "error": "right",
      "start": 24.4,
      "end": 24.7
    },
    {
      "Word": "to",
      "Align": "to",
      "error": "right",
      "start": 24.7,
      "end": 24.8
    },
    {
      "Word": "see",
      "Align": "see",
      "error": "right",
      "start": 24.8,
      "end": 25.0
    },
    {
      "Word": "the",
      "Align": "the",
      "error": "right",
      "start": 25.0,
      "end": 25.2
    },
    {
      "Word": "lions",
      "Align": "on",
      "error": "incorrect",
      "start": 25.2,
      "end": 25.6
    },
    {
      "Word": "they",
      "Align": "they",
      "error": "right",
      "start": 25.6,
      "end": 25.9
    },
    {
      "Word": "were",
      "Align": "were",
      "error": "right",
      "start": 25.9,
      "end": 26.1
    },
    {
      "Word": "just",
      "Align": "just",
      "error": "right",
      "start": 26.1,
      "end": 26.3
    },
    {
      "Word": "lying",
      "Align": "lying",
      "error": "right",
      "start": 26.3,
      "end": 26.7
    },
    {
      "Word": "around",
      "Align": "around",
      "error": "right",
      "start": 26.7,
      "end": 27.1
    },
    {
      "Word": "my",
      "Align": "my",
      "error": "right",
      "start": 27.1,
      "end": 27.3
    },
    {
      "Word": "sister",
      "Align": "sister",
      "error": "right",
      "start": 27.3,
      "end": 27.7
    },
    {
      "Word": "called",
      "Align": "",
      "error": "missed",
      "start": 27.7,
      "end": 28.1
    },
    {
      "Word": "them",
      "Align": "call",
      "error": "incorrect",
      "start": 28.1,
      "end": 28.4
    },
    {
      "Word": "lazy",
      "Align": "lazy",
      "error": "right",
      "start": 28.4,
      "end": 28.7
    },
    {
      "Word": "bones",
      "Align": "bone",
      "error": "incorrect",
      "start": 28.7,
      "end": 29.0
    },
    {
      "Word": "my",
      "Align": "my",
      "error": "right",
      "start": 29.0,
      "end": 29.2
    },
    {
      "Word": "mom",
      "Align": "mam",
      "error": "incorrect",
      "start": 29.2,
      "end": 29.5
    },
    {
      "Word": "wanted",
      "Align": "wanted",
      "error": "right",
      "start": 29.5,
      "end": 29.9
    },
    {
      "Word": "to",
      "Align": "to",
      "error": "right",
      "start": 29.9,
      "end": 30.0
    },
    {
      "Word": "see",
      "Align": "see",
      "error": "right",
      "start": 30.0,
      "end": 30.2
    },
    {
      "Word": "the",
      "Align": "the",
      "error": "right",
      "start": 30.2,
      "end": 30.4
    },
    {
      "Word": "monkeys",
      "Align": "monkeys",
      "error": "right",
      "start": 30.4,
      "end": 30.9
    },
    {
      "Word": "she",
      "Align": "she",
      "error": "right",
      "start": 30.9,
      "end": 31.1
    },
    {
      "Word": "said",
      "Align": "said",
      "error": "right",
      "start": 31.1,
      "end": 31.4
    },
    {
      "Word": "my",
      "Align": "",
      "error": "missed",
      "start": 31.4,
      "end": 31.6
    },
    {
      "Word": "sister",
      "Align": "sister",
      "error": "right",
      "start": 31.6,
      "end": 32.0
    },
    {
      "Word": "and",
      "Align": "",
      "error": "missed",
      "start": 32.0,
      "end": 32.2
    },
    {
      "Word": "i",
      "Align": "na",
      "error": "incorrect",
      "start": 32.2,
      "end": 32.3
    },
    {
      "Word": "remind",
      "Align": "remind",
      "error": "right",
      "start": 32.3,
      "end": 32.7
    },
    {
      "Word": "her",
      "Align": "her",
      "error": "right",
      "start": 32.7,
      "end": 32.9
    },
    {
      "Word": "of",
      "Align": "of",
      "error": "right",
      "start": 32.9,
      "end": 33.0
    },
    {
      "Word": "them",
      "Align": "them",
      "error": "right",
      "start": 33.0,
      "end": 33.3
    },
    {
      "Word": "the",
      "Align": "my",
      "error": "incorrect",
      "start": 33.3,
      "end": 33.5
    },
    {
      "Word": "monkeys",
      "Align": "monkeys",
      "error": "right",
      "start": 33.5,
      "end": 34.0
    },
    {
      "Word": "were",
      "Align": "",
      "error": "missed",
      "start": 34.0,
      "end": 34.2
    },
    {
      "Word": "cool",
      "Align": "fo",
      "error": "incorrect",
      "start": 34.2,
      "end": 34.5
    },
    {
      "Word": "they",
      "Align": "they",
      "error": "right",
      "start": 34.5,
      "end": 34.8
    },
    {
      "Word": "were",
      "Align": "were",
      "error": "right",
      "start": 34.8,
      "end": 35.0
    },
    {
      "Word": "swinging",
      "Align": "swinging",
      "error": "right",
      "start": 35.0,
      "end": 35.5
    },
    {
      "Word": "on",
      "Align": "on",
      "error": "right",
      "start": 35.5,
      "end": 35.6
    },
    {
      "Word": "ropes",
      "Align": "roa",
      "error": "incorrect",
      "start": 35.6,
      "end": 36.0
    },
    {
      "Word": "the",
      "Align": "the",
      "error": "right",
      "start": 36.0,
      "end": 36.2
    },
    {
      "Word": "way",
      "Align": "way",
      "error": "right",
      "start": 36.2,
      "end": 36.4
    },
    {
      "Word": "i",
      "Align": "i",
      "error": "right",
      "start": 36.4,
      "end": 36.5
    },
    {
      "Word": "do",
      "Align": "do",
      "error": "right",
      "start": 36.5,
      "end": 36.6
    },
    {
      "Word": "at",
      "Align": "at",
      "error": "right",
      "start": 36.6,
      "end": 36.7
    },
    {
      "Word": "recess",
      "Align": "said",
      "error": "incorrect",
      "start": 36.7,
      "end": 37.2
    },
    {
      "Word": "then",
      "Align": "then",
      "error": "right",
      "start": 37.2,
      "end": 37.5
    },
    {
      "Word": "we",
      "Align": "we",
      "error": "right",
      "start": 37.5,
      "end": 37.6
    },
    {
      "Word": "got",
      "Align": "got",
      "error": "right",
      "start": 37.6,
      "end": 37.8
    },
    {
      "Word": "ice",
      "Align": "ice",
      "error": "right",
      "start": 37.8,
      "end": 38.0
    },
    {
      "Word": "cream",
      "Align": "cream",
      "error": "right",
      "start": 38.0,
      "end": 38.4
    },
    {
      "Word": "it",
      "Align": "e",
      "error": "incorrect",
      "start": 38.4,
      "end": 38.6
    },
    {
      "Word": "tasted",
      "Align": "tasted",
      "error": "right",
      "start": 38.6,
      "end": 39.1
    },
    {
      "Word": "so",
      "Align": "",
      "error": "missed",
      "start": 39.1,
      "end": 39.2
    },
    {
      "Word": "good",
      "Align": "good",
      "error": "right",
      "start": 39.2,
      "end": 39.5
    },
    {
      "Word": "i",
      "Align": "i",
      "error": "right",
      "start": 39.5,
      "end": 39.6
    },
    {
      "Word": "could",
      "Align": "could",
      "error": "right",
      "start": 39.6,
      "end": 39.9
    },
    {
      "Word": "have",
      "Align": "have",
      "error": "right",
      "start": 39.9,
      "end": 40.1
    },
    {
      "Word": "eaten",
      "Align": "eaten",
      "error": "right",
      "start": 40.1,
      "end": 40.5
    },
    {
      "Word": "more",
      "Align": "on",
      "error": "incorrect",
      "start": 40.5,
      "end": 40.8
    },
    {
      "Word": "my",
      "Align": "my",
      "error": "right",
      "start": 40.8,
      "end": 41.0
    },
    {
      "Word": "trip",
      "Align": "",
      "error": "missed",
      "start": 41.0,
      "end": 41.3
    },
    {
      "Word": "to",
      "Align": "trem",
      "error": "incorrect",
      "start": 41.3,
      "end": 41.4
    },
    {
      "Word": "the",
      "Align": "the",
      "error": "right",
      "start": 41.4,
      "end": 41.6
    },
    {
      "Word": "zoo",
      "Align": "zoo",
      "error": "right",
      "start": 41.6,
      "end": 41.8
    },
    {
      "Word": "was",
      "Align": "the",
      "error": "incorrect",
      "start": 41.8,
      "end": 42.0
    },
    {
      "Word": "super",
      "Align": "bur",
      "error": "incorrect",
      "start": 42.0,
      "end": 42.4
    },
    {
      "Word": "",
      "Align": "",
      "error": "missed",
      "start": -1.0,
      "end": -1.0
    },
    {
      "Word": "",
      "Align": "",
      "error": "missed",
      "start": -1.0,
      "end": -1.0
    },
    {
      "Word": "",
      "Align": "",
      "error": "missed",
      "start": -1.0,
      "end": -1.0
    },
    {
      "Word": "",
      "Align": "",
      "error": "missed",
      "start": -1.0,
      "end": -1.0
    },
    {
      "Word": "",
      "Align": "",
      "error": "missed",
      "start": -1.0,
      "end": -1.0
    },
    {
      "Word": "",
      "Align": "",
      "error": "missed",
      "start": -1.0,
      "end": -1.0
    },
    {
      "Word": "",
      "Align": "really",
      "error": "extra",
      "start": -1.0,
      "end": -1.0
    },
    {
      "Word": "",
      "Align": "to",
      "error": "extra",
      "start": -1.0,
      "end": -1.0
    },
    {
      "Word": "",
      "Align": "very",
      "error": "extra",
      "start": -1.0,
      "end": -1.0
    },
    {
      "Word": "",
      "Align": "li",
      "error": "extra",
      "start": -1.0,
      "end": -1.0
    },
    {
      "Word": "",
      "Align": "me",
      "error": "extra",
      "start": -1.0,
      "end": -1.0
    },
    {
      "Word": "",
      "Align": "wa",
      "error": "extra",
      "start": -1.0,
      "end": -1.0
    }
  ]
}