{
  "teachers": [
    {
      "id": "550e8400-e29b-41d4-a716-446655440000",
      "name": "Ms. Anderson",
      "email": "anderson@school.com",
      "password": "password123"
    }
  ],
  "students": [
    {
      "id": "650e8400-e29b-41d4-a716-446655440001",
      "teacher_id": "550e8400-e29b-41d4-a716-446655440000",
      "name": "Emma Johnson",
      "email": "emma.j@school.com",
      "password": "student123",
      "grade": "3",
      "course": "Reading A"
    },
    {
      "id": "650e8400-e29b-41d4-a716-446655440002",
      "teacher_id": "550e8400-e29b-41d4-a716-446655440000",
      "name": "Liam Smith",
      "email": "liam.s@school.com",
      "password": "student123",
      "grade": "3",
      "course": "Reading A"
    },
    {
      "id": "650e8400-e29b-41d4-a716-446655440003",
      "teacher_id": "550e8400-e29b-41d4-a716-446655440000",
      "name": "Olivia Davis",
      "email": "olivia.d@school.com",
      "password": "student123",
      "grade": "4",
      "course": "Reading B"
    }
  ],
  "assessments": [
    {
      "id": "750e8400-e29b-41d4-a716-446655440001",
      "student_id": "650e8400-e29b-41d4-a716-446655440001",
      "passage": "The quick brown fox jumps over the lazy dog.",
      "cwpm_score": 45,
      "total_words": 9,
      "total_hits": 7,
      "total_misses": 2,
      "total_extras": 0,
      "assessment_date": "2024-11-01"
    },
    {
      "id": "750e8400-e29b-41d4-a716-446655440002",
      "student_id": "650e8400-e29b-41d4-a716-446655440001",
      "passage": "She sells seashells by the seashore.",
      "cwpm_score": 52,
      "total_words": 6,
      "total_hits": 5,
      "total_misses": 1,
      "total_extras": 0,
      "assessment_date": "2024-11-02"
    },
    {
      "id": "750e8400-e29b-41d4-a716-446655440003",
      "student_id": "650e8400-e29b-41d4-a716-446655440001",
      "passage": "Peter Piper picked a peck of pickled peppers.",
      "cwpm_score": 58,
      "total_words": 8,
      "total_hits": 7,
      "total_misses": 1,
      "total_extras": 0,
      "assessment_date": "2024-11-03"
    },
    {
      "id": "750e8400-e29b-41d4-a716-446655440004",
      "student_id": "650e8400-e29b-41d4-a716-446655440001",
      "passage": "How much wood would a woodchuck chuck.",
      "cwpm_score": 65,
      "total_words": 7,
      "total_hits": 6,
      "total_misses": 1,
      "total_extras": 0,
      "assessment_date": "2024-11-04"
    },
    {
      "id": "750e8400-e29b-41d4-a716-446655440005",
      "student_id": "650e8400-e29b-41d4-a716-446655440001",
      "passage": "The quick brown fox jumps over the lazy dog.",
      "cwpm_score": 70,
      "total_words": 9,
      "total_hits": 7,
      "total_misses": 1,
      "total_extras": 1,
      "assessment_date": "2024-11-05"
    },
    {
      "id": "750e8400-e29b-41d4-a716-446655440006",
      "student_id": "650e8400-e29b-41d4-a716-446655440002",
      "passage": "The cat in the hat came back.",
      "cwpm_score": 40,
      "total_words": 7,
      "total_hits": 6,
      "total_misses": 1,
      "total_extras": 0,
      "assessment_date": "2024-11-01"
    },
    {
      "id": "750e8400-e29b-41d4-a716-446655440007",
      "student_id": "650e8400-e29b-41d4-a716-446655440002",
      "passage": "Green eggs and ham are so good.",
      "cwpm_score": 48,
      "total_words": 6,
      "total_hits": 5,
      "total_misses": 1,
      "total_extras": 0,
      "assessment_date": "2024-11-03"
    },
    {
      "id": "750e8400-e29b-41d4-a716-446655440008",
      "student_id": "650e8400-e29b-41d4-a716-446655440002",
      "passage": "One fish two fish red fish blue fish.",
      "cwpm_score": 55,
      "total_words": 8,
      "total_hits": 7,
      "total_misses": 1,
      "total_extras": 0,
      "assessment_date": "2024-11-05"
    },
    {
      "id": "750e8400-e29b-41d4-a716-446655440009",
      "student_id": "650e8400-e29b-41d4-a716-446655440002",
      "passage": "The sun did not shine it was too wet to play.",
      "cwpm_score": 65,
      "total_words": 11,
      "total_hits": 9,
      "total_misses": 2,
      "total_extras": 0,
      "assessment_date": "2024-11-07"
    },
    {
      "id": "750e8400-e29b-41d4-a716-446655440010",
      "student_id": "650e8400-e29b-41d4-a716-446655440003",
      "passage": "Where the wild things are is a great book.",
      "cwpm_score": 50,
      "total_words": 8,
      "total_hits": 7,
      "total_misses": 1,
      "total_extras": 0,
      "assessment_date": "2024-11-02"
    },
    {
      "id": "750e8400-e29b-41d4-a716-446655440011",
      "student_id": "650e8400-e29b-41d4-a716-446655440003",
      "passage": "The very hungry caterpillar ate lots of food.",
      "cwpm_score": 56,
      "total_words": 8,
      "total_hits": 7,
      "total_misses": 1,
      "total_extras": 0,
      "assessment_date": "2024-11-04"
    },
    {
      "id": "750e8400-e29b-41d4-a716-446655440012",
      "student_id": "650e8400-e29b-41d4-a716-446655440003",
      "passage": "Goodnight moon is a classic bedtime story.",
      "cwpm_score": 58,
      "total_words": 7,
      "total_hits": 6,
      "total_misses": 1,
      "total_extras": 0,
      "assessment_date": "2024-11-06"
    }
  ],
  "word_results": [
    {
      "id": "850e8400-e29b-41d4-a716-446655440001",
      "assessment_id": "750e8400-e29b-41d4-a716-446655440005",
      "word_text": "The",
      "word_type": "hit",
      "word_position": 1,
      "timestamp_seconds": 0.0
    },
    {
      "id": "850e8400-e29b-41d4-a716-446655440002",
      "assessment_id": "750e8400-e29b-41d4-a716-446655440005",
      "word_text": "quick",
      "word_type": "hit",
      "word_position": 2,
      "timestamp_seconds": 0.5
    },
    {
      "id": "850e8400-e29b-41d4-a716-446655440003",
      "assessment_id": "750e8400-e29b-41d4-a716-446655440005",
      "word_text": "brown",
      "word_type": "miss",
      "word_position": 3,
      "timestamp_seconds": 1.0
    },
    {
      "id": "850e8400-e29b-41d4-a716-446655440004",
      "assessment_id": "750e8400-e29b-41d4-a716-446655440005",
      "word_text": "fox",
      "word_type": "hit",
      "word_position": 4,
      "timestamp_seconds": 1.5
    },
    {
      "id": "850e8400-e29b-41d4-a716-446655440005",
      "assessment_id": "750e8400-e29b-41d4-a716-446655440005",
      "word_text": "jumps",
      "word_type": "hit",
      "word_position": 5,
      "timestamp_seconds": 2.0
    },
    {
      "id": "850e8400-e29b-41d4-a716-446655440006",
      "assessment_id": "750e8400-e29b-41d4-a716-446655440005",
      "word_text": "over",
      "word_type": "hit",
      "word_position": 6,
      "timestamp_seconds": 2.5
    },
    {
      "id": "850e8400-e29b-41d4-a716-446655440007",
      "assessment_id": "750e8400-e29b-41d4-a716-446655440005",
      "word_text": "the",
      "word_type": "hit",
      "word_position": 7,
      "timestamp_seconds": 3.0
    },
    {
      "id": "850e8400-e29b-41d4-a716-446655440008",
      "assessment_id": "750e8400-e29b-41d4-a716-446655440005",
      "word_text": "lazy",
      "word_type": "extra",
      "word_position": 8,
      "timestamp_seconds": 3.5
    },
    {
      "id": "850e8400-e29b-41d4-a716-446655440009",
      "assessment_id": "750e8400-e29b-41d4-a716-446655440005",
      "word_text": "dog",
      "word_type": "hit",
      "word_position": 9,
      "timestamp_seconds": 4.0
    }
  ]
}
